{
    "lr": 0.3177337492502198,
    "d_last": 0.19742610452013987,
    "d_first": 0.14797913800722584,
    "steps": 0.13116888749689762,
    "num_samples": 0.06715958960636925,
    "n_layers": 0.05944202972995373,
    "batch_size": 0.050158726394971355,
    "num_timesteps": 0.02893177499422255
}
