{
    "eval_type": "synthetic",
    "dataset": "data/bodmas/",
    "metrics": {
        "train": {
            "0": {
                "precision": 0.9057324840764331,
                "recall": 0.8494623655913979,
                "f1-score": 0.876695437731196,
                "support": 837
            },
            "1": {
                "precision": 0.8977149075081611,
                "recall": 0.9192200557103064,
                "f1-score": 0.9083402146985963,
                "support": 1795
            },
            "2": {
                "precision": 0.8860195903829029,
                "recall": 0.8735733099209834,
                "f1-score": 0.8797524314765695,
                "support": 1139
            },
            "3": {
                "precision": 0.929633300297324,
                "recall": 0.9899736147757255,
                "f1-score": 0.9588550983899821,
                "support": 1895
            },
            "4": {
                "precision": 0.9000979431929481,
                "recall": 0.8033216783216783,
                "f1-score": 0.8489607390300231,
                "support": 1144
            },
            "5": {
                "precision": 0.8811074918566775,
                "recall": 0.9677996422182469,
                "f1-score": 0.9224211423699915,
                "support": 559
            },
            "6": {
                "precision": 0.7658321060382917,
                "recall": 0.7926829268292683,
                "f1-score": 0.7790262172284644,
                "support": 656
            },
            "7": {
                "precision": 0.7850162866449512,
                "recall": 0.7736757624398074,
                "f1-score": 0.7793047696038803,
                "support": 623
            },
            "8": {
                "precision": 0.8197146562905318,
                "recall": 0.8102564102564103,
                "f1-score": 0.8149580915538363,
                "support": 780
            },
            "9": {
                "precision": 0.8100558659217877,
                "recall": 0.7604895104895105,
                "f1-score": 0.7844905320108205,
                "support": 572
            },
            "accuracy": 0.8761,
            "macro avg": {
                "precision": 0.8580924632210009,
                "recall": 0.8540455276553335,
                "f1-score": 0.855280467409336,
                "support": 10000
            },
            "weighted avg": {
                "precision": 0.8756759295974096,
                "recall": 0.8761,
                "f1-score": 0.8751121667388263,
                "support": 10000
            },
            "score": 0.8761
        },
        "val": {
            "0": {
                "precision": 0.0,
                "recall": 0.0,
                "f1-score": 0.0,
                "support": 16
            },
            "1": {
                "precision": 0.0,
                "recall": 0.0,
                "f1-score": 0.0,
                "support": 36
            },
            "2": {
                "precision": 0.11702127659574468,
                "recall": 0.5,
                "f1-score": 0.1896551724137931,
                "support": 22
            },
            "3": {
                "precision": 0.0,
                "recall": 0.0,
                "f1-score": 0.0,
                "support": 36
            },
            "4": {
                "precision": 0.18840579710144928,
                "recall": 0.5909090909090909,
                "f1-score": 0.2857142857142857,
                "support": 22
            },
            "5": {
                "precision": 0.0,
                "recall": 0.0,
                "f1-score": 0.0,
                "support": 12
            },
            "6": {
                "precision": 0.0,
                "recall": 0.0,
                "f1-score": 0.0,
                "support": 12
            },
            "7": {
                "precision": 0.0,
                "recall": 0.0,
                "f1-score": 0.0,
                "support": 12
            },
            "8": {
                "precision": 0.0,
                "recall": 0.0,
                "f1-score": 0.0,
                "support": 16
            },
            "9": {
                "precision": 0.0,
                "recall": 0.0,
                "f1-score": 0.0,
                "support": 11
            },
            "accuracy": 0.12307692307692308,
            "macro avg": {
                "precision": 0.030542707369719396,
                "recall": 0.10909090909090909,
                "f1-score": 0.04753694581280788,
                "support": 195
            },
            "weighted avg": {
                "precision": 0.034458439083785986,
                "recall": 0.12307692307692308,
                "f1-score": 0.053631426045219144,
                "support": 195
            },
            "score": 0.12307692307692308
        },
        "test": {
            "0": {
                "precision": 0.0,
                "recall": 0.0,
                "f1-score": 0.0,
                "support": 15
            },
            "1": {
                "precision": 0.09090909090909091,
                "recall": 0.02857142857142857,
                "f1-score": 0.043478260869565216,
                "support": 35
            },
            "2": {
                "precision": 0.13861386138613863,
                "recall": 0.6666666666666666,
                "f1-score": 0.2295081967213115,
                "support": 21
            },
            "3": {
                "precision": 0.0,
                "recall": 0.0,
                "f1-score": 0.0,
                "support": 35
            },
            "4": {
                "precision": 0.22058823529411764,
                "recall": 0.6521739130434783,
                "f1-score": 0.32967032967032966,
                "support": 23
            },
            "5": {
                "precision": 0.0,
                "recall": 0.0,
                "f1-score": 0.0,
                "support": 11
            },
            "6": {
                "precision": 0.0,
                "recall": 0.0,
                "f1-score": 0.0,
                "support": 12
            },
            "7": {
                "precision": 0.0,
                "recall": 0.0,
                "f1-score": 0.0,
                "support": 12
            },
            "8": {
                "precision": 0.0,
                "recall": 0.0,
                "f1-score": 0.0,
                "support": 15
            },
            "9": {
                "precision": 0.0,
                "recall": 0.0,
                "f1-score": 0.0,
                "support": 11
            },
            "accuracy": 0.15789473684210525,
            "macro avg": {
                "precision": 0.04501111875893472,
                "recall": 0.13474120082815735,
                "f1-score": 0.06026567872612063,
                "support": 190
            },
            "weighted avg": {
                "precision": 0.05876967727732525,
                "recall": 0.15789473684210525,
                "f1-score": 0.07328330970526267,
                "support": 190
            },
            "score": 0.15789473684210525
        }
    }
}
