{
    "steps": 0.24129608458973345,
    "num_samples": 0.22227425910144125,
    "lr": 0.22210893853347138,
    "d_first": 0.09345267388018758,
    "d_last": 0.07978422754777774,
    "n_layers": 0.06334096113159852,
    "num_timesteps": 0.0456053534249514,
    "batch_size": 0.03213750179083863
}
