{
    "eval_type": "synthetic",
    "dataset": "data/bodmas/",
    "metrics": {
        "train": {
            "0": {
                "precision": 0.9088541666666666,
                "recall": 0.9842075578116187,
                "f1-score": 0.9450311399945843,
                "support": 1773
            },
            "1": {
                "precision": 0.7083333333333334,
                "recall": 0.5998498498498499,
                "f1-score": 0.6495934959349593,
                "support": 1332
            },
            "2": {
                "precision": 0.6172650878533231,
                "recall": 0.7062937062937062,
                "f1-score": 0.6587851610273135,
                "support": 1144
            },
            "3": {
                "precision": 0.9275905118601748,
                "recall": 0.9537869062901155,
                "f1-score": 0.9405063291139241,
                "support": 779
            },
            "4": {
                "precision": 0.7387978142076502,
                "recall": 0.8105515587529976,
                "f1-score": 0.7730131503716409,
                "support": 834
            },
            "5": {
                "precision": 0.6989765201685731,
                "recall": 0.7079268292682926,
                "f1-score": 0.7034232050893668,
                "support": 1640
            },
            "6": {
                "precision": 0.7679648930334614,
                "recall": 0.8163265306122449,
                "f1-score": 0.7914075749010739,
                "support": 1715
            },
            "7": {
                "precision": 0.6457789382071366,
                "recall": 0.6396551724137931,
                "f1-score": 0.642702468601126,
                "support": 1160
            },
            "8": {
                "precision": 0.7020648967551623,
                "recall": 0.6952288218111002,
                "f1-score": 0.6986301369863014,
                "support": 1027
            },
            "9": {
                "precision": 0.7044444444444444,
                "recall": 0.6802575107296137,
                "f1-score": 0.6921397379912664,
                "support": 1398
            },
            "10": {
                "precision": 0.7484355444305382,
                "recall": 0.6457883369330454,
                "f1-score": 0.6933333333333334,
                "support": 926
            },
            "11": {
                "precision": 0.7074468085106383,
                "recall": 0.6273584905660378,
                "f1-score": 0.665,
                "support": 1272
            },
            "accuracy": 0.7423333333333333,
            "macro avg": {
                "precision": 0.7396627466225919,
                "recall": 0.7389359392777014,
                "f1-score": 0.7377971444454076,
                "support": 15000
            },
            "weighted avg": {
                "precision": 0.7407361715740453,
                "recall": 0.7423333333333333,
                "f1-score": 0.7400813634495536,
                "support": 15000
            },
            "score": 0.7423333333333333
        },
        "val": {
            "0": {
                "precision": 0.0,
                "recall": 0.0,
                "f1-score": 0.0,
                "support": 9
            },
            "1": {
                "precision": 0.14285714285714285,
                "recall": 0.2857142857142857,
                "f1-score": 0.19047619047619047,
                "support": 7
            },
            "2": {
                "precision": 0.11428571428571428,
                "recall": 0.6666666666666666,
                "f1-score": 0.19512195121951217,
                "support": 6
            },
            "3": {
                "precision": 0.0,
                "recall": 0.0,
                "f1-score": 0.0,
                "support": 4
            },
            "4": {
                "precision": 0.0,
                "recall": 0.0,
                "f1-score": 0.0,
                "support": 4
            },
            "5": {
                "precision": 0.0,
                "recall": 0.0,
                "f1-score": 0.0,
                "support": 8
            },
            "6": {
                "precision": 0.0,
                "recall": 0.0,
                "f1-score": 0.0,
                "support": 8
            },
            "7": {
                "precision": 0.0,
                "recall": 0.0,
                "f1-score": 0.0,
                "support": 6
            },
            "8": {
                "precision": 0.0,
                "recall": 0.0,
                "f1-score": 0.0,
                "support": 5
            },
            "9": {
                "precision": 0.0,
                "recall": 0.0,
                "f1-score": 0.0,
                "support": 8
            },
            "10": {
                "precision": 0.0,
                "recall": 0.0,
                "f1-score": 0.0,
                "support": 5
            },
            "11": {
                "precision": 0.0,
                "recall": 0.0,
                "f1-score": 0.0,
                "support": 6
            },
            "accuracy": 0.07894736842105263,
            "macro avg": {
                "precision": 0.021428571428571425,
                "recall": 0.07936507936507936,
                "f1-score": 0.03213317847464189,
                "support": 76
            },
            "weighted avg": {
                "precision": 0.02218045112781955,
                "recall": 0.07894736842105263,
                "f1-score": 0.0329482242190843,
                "support": 76
            },
            "score": 0.07894736842105263
        },
        "test": {
            "0": {
                "precision": 0.0,
                "recall": 0.0,
                "f1-score": 0.0,
                "support": 9
            },
            "1": {
                "precision": 0.17647058823529413,
                "recall": 0.42857142857142855,
                "f1-score": 0.25,
                "support": 7
            },
            "2": {
                "precision": 0.125,
                "recall": 0.6666666666666666,
                "f1-score": 0.21052631578947367,
                "support": 6
            },
            "3": {
                "precision": 0.0,
                "recall": 0.0,
                "f1-score": 0.0,
                "support": 4
            },
            "4": {
                "precision": 0.0,
                "recall": 0.0,
                "f1-score": 0.0,
                "support": 5
            },
            "5": {
                "precision": 0.0,
                "recall": 0.0,
                "f1-score": 0.0,
                "support": 9
            },
            "6": {
                "precision": 0.0,
                "recall": 0.0,
                "f1-score": 0.0,
                "support": 8
            },
            "7": {
                "precision": 0.05263157894736842,
                "recall": 0.16666666666666666,
                "f1-score": 0.08,
                "support": 6
            },
            "8": {
                "precision": 0.0,
                "recall": 0.0,
                "f1-score": 0.0,
                "support": 5
            },
            "9": {
                "precision": 0.0,
                "recall": 0.0,
                "f1-score": 0.0,
                "support": 7
            },
            "10": {
                "precision": 0.0,
                "recall": 0.0,
                "f1-score": 0.0,
                "support": 5
            },
            "11": {
                "precision": 0.0,
                "recall": 0.0,
                "f1-score": 0.0,
                "support": 6
            },
            "accuracy": 0.1038961038961039,
            "macro avg": {
                "precision": 0.02950851393188855,
                "recall": 0.10515873015873016,
                "f1-score": 0.0450438596491228,