{
    "lr": 0.42770306976805766,
    "d_first": 0.11412935754400201,
    "batch_size": 0.10719895661060784,
    "n_layers": 0.0960185159281698,
    "steps": 0.09062567315727531,
    "num_samples": 0.07146343061431093,
    "num_timesteps": 0.06046082841340194,
    "d_last": 0.032400167964174616
}
