{
    "eval_type": "synthetic",
    "dataset": "data/bodmas/",
    "metrics": {
        "train": {
            "0": {
                "precision": 0.21607669616519173,
                "recall": 0.28697355533790403,
                "f1-score": 0.2465292385359697,
                "support": 1021
            },
            "1": {
                "precision": 0.11216314639475601,
                "recall": 0.2922201138519924,
                "f1-score": 0.16210526315789475,
                "support": 1054
            },
            "2": {
                "precision": 0.3157894736842105,
                "recall": 0.7813267813267813,
                "f1-score": 0.4497878359264498,
                "support": 814
            },
            "3": {
                "precision": 0.3624633431085044,
                "recall": 0.4889240506329114,
                "f1-score": 0.4163017851128326,
                "support": 1264
            },
            "4": {
                "precision": 0.23627684964200477,
                "recall": 0.11870503597122302,
                "f1-score": 0.15802075019952114,
                "support": 834
            },
            "5": {
                "precision": 0.19376391982182628,
                "recall": 0.3352601156069364,
                "f1-score": 0.24558927311220888,
                "support": 1038
            },
            "6": {
                "precision": 0.45454545454545453,
                "recall": 0.003385240352064997,
                "f1-score": 0.006720430107526882,
                "support": 1477
            },
            "7": {
                "precision": 0.0,
                "recall": 0.0,
                "f1-score": 0.0,
                "support": 812
            },
            "8": {
                "precision": 0.5520504731861199,
                "recall": 0.6774193548387096,
                "f1-score": 0.6083429895712631,
                "support": 1550
            },
            "9": {
                "precision": 0.3442188879082083,
                "recall": 0.39314516129032256,
                "f1-score": 0.3670588235294117,
                "support": 992
            },
            "10": {
                "precision": 0.298019801980198,
                "recall": 0.5046102263202011,
                "f1-score": 0.37472766884531594,
                "support": 1193
            },
            "11": {
                "precision": 0.2631261315630658,
                "recall": 0.3612261806130903,
                "f1-score": 0.3044692737430168,
                "support": 1207
            },
            "12": {
                "precision": 0.15894039735099338,
                "recall": 0.02049530315969257,
                "f1-score": 0.03630862329803328,
                "support": 1171
            },
            "13": {
                "precision": 0.13291139240506328,
                "recall": 0.01935483870967742,
                "f1-score": 0.0337892196299276,
                "support": 1085
            },
            "14": {
                "precision": 0.23504273504273504,
                "recall": 0.11482254697286012,
                "f1-score": 0.15427769985974754,
                "support": 958
            },
            "15": {
                "precision": 0.36434511434511435,
                "recall": 0.45225806451612904,
                "f1-score": 0.40356937248128966,
                "support": 1550
            },
            "16": {
                "precision": 0.0,
                "recall": 0.0,
                "f1-score": 0.0,
                "support": 1202
            },
            "17": {
                "precision": 0.27425373134328357,
                "recall": 0.18894601542416453,
                "f1-score": 0.2237442922374429,
                "support": 778
            },
            "accuracy": 0.2894,
            "macro avg": {
                "precision": 0.2507770860270406,
                "recall": 0.27994847694025893,
                "f1-score": 0.2328523632971029,
                "support": 20000
            },
            "weighted avg": {
                "precision": 0.26637318046719144,
                "recall": 0.2894,
                "f1-score": 0.24298579673179202,
                "support": 20000
            },
            "score": 0.2894
        },
        "val": {
            "0": {
                "precision": 0.0,
                "recall": 0.0,
                "f1-score": 0.0,
                "support": 2
            },
            "1": {
                "precision": 0.058823529411764705,
                "recall": 1.0,
                "f1-score": 0.1111111111111111,
                "support": 2
            },
            "2": {
                "precision": 0.0,
                "recall": 0.0,
                "f1-score": 0.0,
                "support": 2
            },
            "3": {
                "precision": 0.0,
                "recall": 0.0,
                "f1-score": 0.0,
                "support": 2
            },
            "4": {
                "precision": 0.0,
                "recall": 0.0,
                "f1-score": 0.0,
                "support": 2
            },
            "5": {
                "precision": 0.0,
                "recall": 0.0,
                "f1-score": 0.0,
                "support": 2
            },
            "6": {
                "precision": 0.0,
                "recall": 0.0,
                "f1-score": 0.0,
                "support": 3
            },
            "7": {
                "precision": 0.0,
                "recall": 0.0,
                "f1-score": 0.0,
                "support": 2
            },
            "8": {
                "precision": 0.0,
                "recall": 0.0,
                "f1-score": 0.0,
                "support": 3
            },
            "9": {
                "precision": 0.0,
                "recall": 0.0,
                "f1-score": 0.0,
                "support": 2
            },
            "10": {
                "precision": 0.0,
                "recall": 0.0,
                "f1-score": 0.0,
                "support": 2
            },
            "11": {
                "precision": 0.0,
                "recall": 0.0,
                "f1-score": 0.0,
                "support": 2
            },
            "12": {
                "precision": 0.0,
                "recall": 0.0,
                "f1-score": 0.0,
                "support": 2
            },
            "13": {
                "precision": 0.0,
                "recall": 0.0,
                "f1-score": 0.0,
                "support": 2
            },
            "14": {
                "precision": 0.0,
                "recall": 0.0,
                "f1-score": 0.0,
                "support": 2
            },
            "15": {
                "precision": 0.0,
                "recall": 0.0,
                "f1-score": 0.0,
                "support": 3
            },
            "16": {
                "precision": 0.0,
                "recall": 0.0,
                "f1-score": 0.0,
                "support": 2
            },
            "17": {
                "precision": 0.0,
                "recall": 0.0,
                "f1-score": 0.0,
                "support": 2
            },
            "accuracy": 0.05128205128205128,
            "macro avg": {
                "precision": 0.0032679738562091504,
                "recall": 0.05555555555555555,
                "f1-score": 0.006172839506172839,
                "support": 39
            },
            "weighted avg": {
                "precision": 0.0030165912518853697,
                "recall": 0.05128205128205128,
                "f1-score": 0.005698005698005697,
                "support": 39
            },
            "score": 0.05128205128205128
        },
        "test": {
            "0": {
                "precision": 0.0,
                "recall": 0.0,
                "f1-score": 0.0,
                "support": 2
            },